CDR3B,prediction
CAISESQ------GNTEAFF,0.6626
CAISEDR------ALVSYTF,0.8546
CAISEDR------ALNEQFF,0.8395
CAVQPGQ------GMQPQHF,0.7339
CAISDGTV-----NNQPQHF,0.9306
CAISEGAM-----GNQPQHF,0.9170
CAISEEGI-----GNQPQHF,0.9608
CAAADEEI-----GNQPQHF,0.8890
CAIGDDRA-----GNQPQHF,0.9199
CAISDQTS-----GNQPQHF,0.9499
CAISDAGA-----GNQPQHF,0.8795
CAISEGTG-----GHQPQHF,0.9558
CAISESTV-----GNQPQHF,0.9906
CAISESTV-----GNQPQHF,0.9906
CAISESAT-----GYQPQHF,0.9422
CAISESSA-----GNQPQHF,0.9598
CAISESSI-----GNQPQHF,0.9814
CAISESSS-----GNQPQHF,0.9693
CAISESSS-----GSNEQFF,0.9447
CAISDSSS-----GSNEQFF,0.8577
CAISESSS-----GANVLTF,0.9622
CAISESAS-----GSNEQYF,0.9305
CAISESTA-----GNNEQFF,0.9507
CAIRSGTI-----NTGELFF,0.9693
CAIGTGTI-----STETQYF,0.8423
CAISEGTV-----GFDEQYF,0.9333
CAISEGVS----GGYNEQFF,0.8672
CASSPGDT-----GANVLTF,0.9121
CASSSTDT-----GANVLTF,0.9436
CASSSGAT-----GANVLTF,0.8483
CASSSIAT-----GANVLTF,0.9123
CASSSGTI-----GANVLTF,0.9521
CASSSGVS-----GANVLTF,0.9153
CASSFTTM-----GNQPQHF,0.8558
CASQGGEI-----GNNEQFF,0.7904
CASSLRQG-----GLTEAFF,0.7627
CASGGRG------GGETQYF,0.6933
CASSPRVV-----GSETQYF,0.8388
CASKNRDV-----GYNEQFF,0.9116
CASSLRPQ-----LGETQYF,0.6011
CASSFLAG-----FTDTQYF,0.5539
CASSPISI----SSGLPEYF,0.7394
CASSSSISGM-RPRIYEQYF,0.7646
CASSMGT------GAHEQYF,0.6564
CASSPREI-----GNQPQHF,0.9254
CATTVGVI-----GNQPQHF,0.8525
CASTTGTI-----GNQPQHF,0.9048
CASIDRTI-----GNQPQHF,0.9586
CASSIRDA-----GNQPQHF,0.9013
CATRGTVI-----NTGELFF,0.8941
CASTPDLS-----SYNEQFF,0.7592
CASSIRHS----EYTDTQYF,0.7398
CASRALDI----TLGNVLTF,0.8541
CASILRDF----SSGNTIYF,0.7281
CASSIGGWRA-EATNEKLFF,0.6786
CASSVVG------GVDEQFF,0.6982
CASGSQG------STDTQYF,0.6176
CASSLPDI-----NTGELFF,0.9132
CASRGGTI-----NTGELFF,0.9547
CASSAGTI-----NTGELFF,0.9487
CASSSGTI-----NTGELFF,0.9538
CASSSGTV-----NTGELFF,0.9294
CASEAGTV-----NTNTQYF,0.8397
CASSVATV-----MTGELFF,0.7925
CASSTGTS-----NTGELFF,0.9138
CASSVATL-----NTGELFF,0.8826
CASSVAET-----NTGELFF,0.8223
CASSSGVT-----NTGELFF,0.8574
CASTAPAT-----NTGELFF,0.8269
CASMSRDL-----NTGELFF,0.9178
CASSSPAS-----STDTQYF,0.7614
CASRET---------YEQYF,0.6352
CASRDT---------YEQYF,0.5162
CASSERR------YTGELFF,0.6853
CASSGGTA-----STDTQYF,0.7146
CASSDGTA-----NNQPQHF,0.8333
CASRSGTS-----NTGELFF,0.9702
CASRSGTS-----NTGELFF,0.9702
CASRSGDT-----NTGELFF,0.9331
CASRSGTS-----NTGELFF,0.9702
CASRTGTS-----NTGELFF,0.9583
CASRAGTS-----NTGELFF,0.9653
CASRAGTS-----NTGELFF,0.9653
CASRTGIS-----NTGELFF,0.9068
CASRTGTI-----NTGELFF,0.9651
CARSRGGI-----NTGELFF,0.7679
CASSEGNG-----GINIQYF,0.8452
CASRDILT-----SYNEQFF,0.8720
CASSEAVI-----SYNEQFF,0.8978
CASSEYPG----PGANVLTF,0.8328
CASSDPDLL---ISTDTQYF,0.7692
CASSGDRDA---GSSYEQYF,0.6094
CASSTGGSG---NFSYEQYF,0.6518
CASSLSS-------HYGYTF,0.4837
CASSLTT-------GYGYTF,0.5271
CASSEVG------LLNEQFF,0.8605
CASSLVG------GAGEQFF,0.6718
CASRPSG------QLDEQFF,0.9543
CASSPSG------QLDEQFF,0.9549
CASSQSG------QLDTQYF,0.8993
CASSSLG------QLETQYF,0.8763
CASSLLG------QLYEQYF,0.8849
CASNPAG------QLETQYF,0.8792
CASSQTG------QLDEQYF,0.9059
CASSPTG------QLETQYF,0.9271
CASRPTG------QLETQYF,0.9332
CASSPSG------QLETQYF,0.9405
CASSLVG------QLETQYF,0.9642
CASSLVG------QLETQYF,0.9642
CASSLVG------QLETQYF,0.9642
CASSLVG------QLDEQYF,0.9769
CASSEVG------QLETQYF,0.9748
CASSFSG------QLDTIYF,0.8889
CASSPDPG-----QLYEQYF,0.8570
CASSPFGT-----GPYEQYF,0.5984
CASSLGTG-----PSYEQYF,0.4759
CASSPSTA-----NTQPQHF,0.9061
CASSLMQG----QGRNGYTF,0.7489
CASSLGLA----GGEETQYF,0.5442
CASRHQLAQ---SSYNEQFF,0.7443
CASSYVG------QLDEQFF,0.9485
CASSYRG------QLNEQFF,0.8768
CASSSRG------QLDTQYF,0.9534
CASSSSG------QLDEQFF,0.9483
CASSLSG------QLDEQFF,0.9559
CASSLSG------QLDEQYF,0.9659
CASSLSG------QLDTQYF,0.9556
CASSLVG------QLETQYF,0.9642
CASSLVG------QLETQYF,0.9642
CASSLVG------QLYEQYF,0.9566
CASSLVG------QLDEQYF,0.9769
CASSEAG------QLNEQFF,0.9409
CASRWTG------QLDEQFF,0.9366
CASSPSG------QLETQYF,0.9405
CASSLLAG-----GWDEQFF,0.6372
CASSPLEA----EAKNIQYF,0.6276
CASSLDLGD---RGGYGYTF,0.7230
CASSHLLGVL-AGGTDTQYF,0.7921
CASSSHVGGG-GASIDTQYF,0.7780
CASSLAPLAGGAFSYNEQFF,0.7336
CASSSILGQGEHPVTDTQYF,0.7741
CAISESTA-----GSQPQHF,0.9866
CAGNNRDS-----STDTQYF,0.9349
CSARPIDS-----SNQPQHF,0.8376
CASSGTRQ----ISGTEAFF,0.7817
CASSGTRQ----ISGTEAFF,0.7817
CAISESTA-----GSQPQHF,0.9866
CAGNNRDS-----STDTQYF,0.9349
CSARPIDS-----SNQPQHF,0.8376
CAISESTA-----GSQPQHF,0.9866
CASSGTRQ----ISGTEAFF,0.7817
CAGNNRDS-----STDTQYF,0.9349
CSATGLAG----GPANEQFF,0.0578
CASSDRG-------GETQYF,0.1378
CASSLTS------GSNEQFF,0.2492
CASSGRDY-----LSYEQYF,0.3316
CASSQGFT-----SGNEQFF,0.1855
CSAEEAE------TYNEQFF,0.1015
CASSLG--------GNTQYF,0.0386
CASSIG---------REQFF,0.0419
CASSLAVATDNSLSTDTQYF,0.2215
CASSPRL-------GEKLFF,0.1005
CASSSRA------DNNEQFF,0.0967
CASSTFT-------GNEAFF,0.0702
CASSSQER----EGLETQYF,0.3523
CASQRDR-------DYEQYF,0.0679
CASSSPSGA---SSYNEQFF,0.1732
CASSSRRD-----GNTEAFF,0.2247
CASSLRG-------DQPQHF,0.0711
CAWSPG--------AYEQYF,0.0513
CASGQG--------NTEAFF,0.0190
CSAQLPG------GSYEQYF,0.0857
CASSLGH-------TDTQYF,0.0788
CASSFLA------GGDEQFF,0.2313
CASSYGT-------GYEQYF,0.0825
CASSPTSG-----GKETQYF,0.3188
CASSLGGQ-----GDYGYTF,0.3012
CASSLGG------RLGEQFF,0.2095
CASSLRGD-----RAYGYTF,0.1588
CASSFAGE----SDYYEQYF,0.0998
CASSTNAG-----LNTEAFF,0.0728
CASRGS---------YEQYF,0.2406
CASRTQRE-----AGYEQYF,0.1901
CASRPLG------NTGELFF,0.4098
CASSVTG-------TDTQYF,0.1346
CAISSGAG----GLTYEQYF,0.1665
CATSAYG-------NSPLHF,0.0385
CASSEGL------VQETQYF,0.0886
CASSVSRR----FSGNTIYF,0.1675
CASSEVWK-----PPYEQYF,0.2843
CSASGTS-------TDTQYF,0.0339
CASSRGA------GYNEQFF,0.1301
CASSYSG-------NQPQHF,0.0683
CASSVGVD-----PYNEQFF,0.2130
CSVEVPSG----SRSYEQYF,0.0283
CASSVTA------TNEKLFF,0.1072
CASSQDFSG---DPTGSQYF,0.1638
CSALPGT------SPNEQFF,0.0590
CASSPNM-------NSPLHF,0.0485
CASSMGG------LGTEAFF,0.0586
CASSFNP------GQDEQYF,0.2065
CSARPTGT-----VNSPLHF,0.1054
CASSQAGT-----ANSPLHF,0.0903
CASSLGGG-----ATDTQYF,0.1589
CASSLEAA----SGANVLTF,0.3626
CASRTSL------TQETQYF,0.1233
CASSPRTG----VGGTEAFF,0.2193
CASSLAG-------EETQYF,0.0900
CASSVGQ-------TGELFF,0.0728
CSVIPPG------QVYEQYF,0.1207
CSGTSGSAM---DGNNEQFF,0.1027
CASTSKGG-----RAYEQYF,0.1278
CATQSQ--------NTEAFF,0.0331
CSVEEGR-------EGTQYF,0.0557
CASSVG--------TDTQYF,0.0417
CASTPGAG-----SGSTQYF,0.1517
CASSQQTG----SSGNTIYF,0.1554
CAISESSR----SLGNEQFF,0.2208
CASSSTG------ENYGYTF,0.1442
CASRAGG------PDQPQHF,0.1432
CASSEFSS----GRTDTQYF,0.1702
CASSVRREL---ANTGELFF,0.2762
CASSYGQ------GAGELFF,0.2241
CASSLDR------GRTEAFF,0.1743
CASGTGRS-----REETQYF,0.1718
CAISDPGA-----TNTEAFF,0.1744
CATSDGA------PTDTQYF,0.0857
CRPIPLGGG--RPSSYEQYF,0.1565
CSALPGT------SPNEQFF,0.0590
CASRVG--------RTEAFF,0.0476
CASSLTGGS---YSNQPQHF,0.1591
CATSDPTAAG-LAGDYEQYF,0.1899
CATSDSLTP---RETDTQYF,0.1566
CASEGGTS----FSNQPQHF,0.3216
CSARDFSD----SNNSPLHF,0.0977
CASSLATS----GRVETQYF,0.1681
CSVEDLFSG---LAAGTQYF,0.0872
CATSRDELA--GLSYNEQFF,0.1737
CASSGT--------GFGYTF,0.1629
CASVTFRA-----STDTQYF,0.3074
CSATTRP------YQETQYF,0.0613
CSARDLSGG---GRANEQFF,0.0571
CASSQLT------GYTEAFF,0.1301
CASSSSP-------LQPQHF,0.2552
CASSWRQ------DNTEAFF,0.0625
CASSLPGLAGVLTSTDTQYF,0.2429
CASRGGL-------VGELFF,0.1011
CASSLAQS-----EGRGYTF,0.2386
CASSQEGP----PRTDTQYF,0.0819
CASSSLSEG---IDTGELFF,0.1485
CASSFS--------QSPLHF,0.0436
CASSSY---------NEQFF,0.0661
CASSLAST----GKYNEQFF,0.1467
CASSQGQG----AKRETQYF,0.0729
CASTPGT------GWNEQYF,0.3562
CAIQRDGT-----STDTQYF,0.3271
CASSLGPG-----QNQPQHF,0.2980
CATSDTTS-----GSRELFF,0.3721
CASSGASG----VYQETQYF,0.0654
CASSVSGT----EVNQPQHF,0.1432
CASSLQL-------NQPQHF,0.0492
CASSRSPL----AFQETQYF,0.1151
CASSLQGG-----ANYGYTF,0.1012
CASSYVRF----GMHTEAFF,0.1771
CSAMNAA------DYDTQYF,0.0625
CASRSSGA-----WQETQYF,0.2304
CSARGPG------LTYEQYF,0.0432
CASSLQGG-----ANYGYTF,0.1012
CASSFG---------QPQHF,0.0612
CASSPGLA----AGTDTQYF,0.2701
CASSLGL-------NQPQHF,0.0282
CSVARGG-------ADTQYF,0.0291
CASSSY--------SYGYTF,0.1210
CASSLEG-------DRGYTF,0.0553
CASSTTSG----RVQETQYF,0.0591
CASSGGTI-----ITGELFF,0.5380
CASSSFLKQG-AGSNQPQHF,0.2301
CASSLLGTD---ENTGELFF,0.2703
CASSRG--------ATEAFF,0.0135
CASSLAFA----LGGYEQYF,0.1903
CASSLGTG-----RAYGYTF,0.2174
CASSQGA------VIYEQYF,0.0710
CASSQDLS----VSGNTIYF,0.1735
CASSFKV------VGNEQFF,0.1240
CAWSDR---------IIQYF,0.1553
CASSLTQ------GNNEQFF,0.2808
CSARGPG------LTYEQYF,0.0432
CSARAHSF----PENTEAFF,0.0631
CSVVG----------GEAFF,0.0471
CASSIRG------ATEPQHF,0.2234
CASSELAG-----GPDTQYF,0.4440
CASSRLPG----DRADEQYF,0.0856
CASSPDLQ-----SSYEQYF,0.3986
CASGLGDY-----HTDTQYF,0.2822
CSASMGGW-----AQETQYF,0.0506
CASSWYE------GPYEQYF,0.2062
CSAIPGTSG---SFSYEQYF,0.1285
CASSQER-------GDTQYF,0.0437
CAISESA-------VTEAFF,0.1629
CASSWG---------NEQFF,0.0387
CASGAGGG-----RTDTQYF,0.1407
CASSLQ--------YSPLHF,0.0465
CASSLEL------PNHEQFF,0.0927
CATSRGG------VAEKLFF,0.0674
